头条号,粉丝数,阅读数,评论数,发文数
邱毅台湾,836万+,319万+,3372,1
毒舌电影,3689万+,20万+,340,1
农村四哥,343万+,25万+,3071,1
猪屁登,2130万+,46万+,137,1
陈说美食,337万+,49万+,761,1
开心锤锤,598万+,47万+,332,1
小贝饿了,209万+,36万+,913,1
北美崔哥,170万+,37万+,996,1
狙击手麦克,1621万+,16万+,285,1
胡锡进,756万+,13万+,943,1
超小厨,158万+,47万+,639,1
半吨先生,665万+,24万+,348,1
祝晓晗,4163万+,33万+,28,1
小莉帮忙,872万+,79万+,2044,16
青蜂侠,302万+,283万+,2885,48
土家小木,125万+,46万+,2818,3
记录生活的蛋黄派,550万+,23万+,315,1
子安独行侠,185万+,21万+,1060,1
布衣探案,1617万+,14万+,150,1
第一军情,1897万+,75万+,184,8
农人老肥,27万+,25万+,5498,1
橙子游戏解说,699万+,25万+,141,1
唐哥美食,71万+,32万+,1159,1
豫视频,510万+,95万+,4889,45
贤于葛格,1893万+,11万+,154,1
突击手蜜獾,761万+,15万+,264,1
蓝一游戏,1311万+,13万+,172,1
布衣小童,130万+,26万+,1793,2
川乡小妹儿,443万+,11万+,548,1
老四赶海,297万+,19万+,383,1
张维为,190万+,17万+,717,1
颜美食,219万+,15万+,715,1
方伟学长,102万+,59万+,192,1
靓声,543万+,33047,2584,1
快乐王胖,31万+,24万+,2430,1
农村傻大妮儿,62万+,48万+,1134,2
村野食叔,110万+,22万+,658,1
皮乐园,65万+,68万+,2586,6
中国台湾网,613万+,19万+,4429,13
阿阳精分了,1219万+,13万+,292,2
司马南,55万+,37万+,4371,4
蜀中桃子姐,946万+,16万+,89,1
阿鱼酱,465万+,51947,1107,1
大小姐可乐,148万+,31万+,248,1
陕北霞姐,425万+,14万+,245,1
开心蛋卷Y,132万+,47万+,133,1
文西与阿漆,497万+,10万+,339,1
铁根游戏解说,27万+,43万+,844,1
王洪光观评,96万+,21万+,569,1
炮芯大怪,1787万+,50910,206,1
老牛校尉,39万+,95万+,415,2
唐湘龙在台湾,86万+,21万+,605,1
别小齐,351万+,12万+,320,1
社会时分秒,171万+,84万+,5359,39
小麦的vlog,140万+,24万+,272,1
鱿鱼视频,96万+,23万+,2211,3
是朱有才呀,71万+,28万+,438,1
乐视观剧傻白甜,83748,121万+,4814,5
妖哥财经,57万+,15万+,1407,1
渔戈兄弟,273万+,22万+,139,1
奔奔解说,1148万+,51020,272,1
壮乡小莫,73万+,22万+,1628,2
老陕说菜,119万+,16万+,514,1
农村小英子,94万+,20万+,501,1
农人DJ枫枫,141万+,14万+,1499,2
收藏小哥,15万+,36万+,1450,1
北方国际观察,25万+,87万+,7778,13
科学旅行号,1189万+,58341,196,1
薄海纸鱼,372万+,76573,427,1
八抖,144万+,71万+,730,8
AG超玩会梦泪,2847万+,89433,175,3
农民小天天,113万+,31万+,881,3
茶啊二中,1081万+,12万+,60,1
黄喂喂,69万+,20万+,571,1
star星视频,115万+,119万+,5313,58
辣椒新闻,48万+,61万+,20643,37
板娘小薇,1112万+,50511,202,1
一个人穷游中国,199万+,76492,3399,3
拐哥打野,144万+,17万+,742,2
晨晨的农村事,39万+,34万+,1133,2
金鹰纪实丁点真相,69万+,79万+,1457,10
美食米阿米,658万+,69942,189,1
冰糖游戏,396万+,11万+,171,1
小宇mn,590万+,56766,827,2
四川王保长,195万+,16万+,188,1
张殿成军情观察,32万+,137万+,49,1
湘西冬宝,27万+,35万+,1351,2
小城桔子,109万+,14万+,439,1
藏锋Kiven,177万+,16万+,200,1
老鸟,439万+,81973,207,1
NBA,1111万+,104万+,276,48
大通教育课堂,40万+,37万+,725,2
家乡的春夏秋冬,58万+,27万+,822,2
二狗子玩游戏,404万+,90243,180,1
墨渊游戏解说,164万+,11万+,1062,2
渔人阿烽,434万+,93784,153,1
张彬张嘴就说,184万+,16万+,158,1
陈大白游戏解说,1704万+,46898,90,1
游小浪Game,529万+,74756,156,1
农村幺妹儿,194万+,24万+,778,5
